id;cod_civil;nom;prenom;nom_mari;prenom_mari;nom_mere;prenom_mere;nom_pere;prenom_pere;date_naissance;dep_naissance;comm_naiss;pays_naiss;nation;sexe;situ;prof;langue;relation;identite;num_id;dat_livr;dat_valid;pay_id;comm_id;addr_1;addr_2;addr_3;addr_4;cod_cour;cod_post;mail;pays;dep_res;tel;tel_prof;tele_fax;agence;ncg;devise;code_exploitant;dat_cre;pays_cpt;id_client
1;mobile Fish;Home Loan Account Table Computer;Trace;Savings Account alarm;Tasty Metal Bacon;red Chips Soap;Home Loan Account;web-readiness;Namibia;2019-12-29;Gorgeous Frozen Pants;Common;Savings Account syndicate Planner;Refined Rubber Chicken Table;Automotive;Planner cross-platform access;Public-key;infomediaries;Investment Account;Games Regional Digitized;copy convergence;2019-12-30;2019-12-29;Chair Facilitator;Views e-enable Communications;National Awesome sky blue;Tactics;scale interactive generating;Specialist Home Loan Account;Plastic;Car Industrial deliverables;orange Books;magenta monitor 1080p;Unbranded Plastic Tuna Frozen;generating Highway Ergonomic;moratorium moratorium;New York tangible Mississippi;Frozen bus;hard drive Robust Networked;Poland;Small partnerships;2019-12-30;Dynamic;knowledge base Buckinghamshire
2;Concrete Investment Account Saint Lucia;User-centric;Money Market Account;Salad Web virtual;Refined Squares;maroon;EXE projection Fresh;support Gorgeous;withdrawal;2019-12-30;cutting-edge ability Hat;supply-chains magenta;encompassing;Directives;sky blue;Kenyan Shilling robust;Versatile Exclusive Moroccan Dirham;capability zero tolerance Computers;Analyst paradigms;encompassing;deposit Canadian Dollar Lebanon;2019-12-29;2019-12-29;Persistent Bulgarian Lev;24/7 Re-contextualized cross-platform;invoice withdrawal;bypassing optical;installation;Argentine Peso;Kentucky Algerian Dinar Clothing;open-source turn-key;Sausages;disintermediate Cambridgeshire hacking;bricks-and-clicks Concrete Global;Fiji Dollar Profound Bacon;Macao Equatorial Guinea Vision-oriented;Agent;Human deposit;even-keeled Saint Helena Pound;Internal AI optical;bypassing Marketing;2019-12-29;New Zealand Dollar Alabama transform;invoice Home Gloves
3;Buckinghamshire Ports;Devolved driver Networked;Fish;payment calculating;local area network Benin;turn-key dedicated;Wisconsin;target Human withdrawal;dot-com payment Libyan Dinar;2019-12-29;Re-contextualized;local Shoes;Intelligent Frozen Sausages Villages;Human;back up Factors;architectures;Wisconsin Facilitator Incredible;reinvent;eco-centric Bedfordshire mesh;Configuration UIC-Franc;Ergonomic Concrete Soap Zambian Kwacha;2019-12-30;2019-12-30;Bedfordshire;portal calculating Metal;real-time discrete redundant;Synergistic Personal Loan Account Sleek;Borders;olive Handcrafted Cotton Bacon Unbranded Fresh Pants;incubate;interfaces;Garden Dale Wallis and Futuna;generating;Computers Small Fresh Gloves back-end;interface;compress lavender Investment Account;backing up;Iran;Philippine Peso Metal;Strategist;card Licensed Cotton Ball;2019-12-29;bypass Ameliorated;Brand
4;infomediaries Som Rustic Frozen Keyboard;Enterprise-wide Benin;Tuna Response invoice;alarm Jamaica;system Gorgeous Rubber Pants;hack;leading-edge;Ergonomic Steel Gloves;Developer Shoes Music;2019-12-29;online e-business;systems integrate;Web HTTP;implement;Optimization Cambridgeshire;payment Soap;Web;Outdoors New York Data;Jamaican Dollar North Carolina;Station;parsing Investment Account;2019-12-29;2019-12-29;Dynamic black;yellow;Books Generic;robust withdrawal generate;Garden open-source hybrid;Solomon Islands Dollar;Personal Loan Account HTTP;schemas Specialist China;quantify multi-byte;interface Cotton Robust;user-centric Infrastructure;Managed Dobra application;Fantastic;Liechtenstein Buckinghamshire monetize;Direct;Small Frozen Salad bypassing;time-frame Quality;Borders Borders Practical;2019-12-30;Money Market Account;Danish Krone parse
5;neural Wooden Optimization;Tasty Rubber Car mindshare EXE;bandwidth Liaison;program Auto Loan Account Refined;infomediaries;Fantastic Fresh Salad;Steel Avon Visionary;exploit transition;User-centric Principal Pennsylvania;2019-12-30;bandwidth Buckinghamshire;Oklahoma communities;array supply-chains Advanced;Parkway Handmade Wooden Cheese;quantifying;synthesize Idaho Markets;Glen Refined;Mandatory Assistant;Strategist;Incredible Fresh Car Tuvalu;Senior Optional Yemeni Rial;2019-12-30;2019-12-29;Savings Account;heuristic Orchestrator Naira;Legacy Unbranded Plastic Chips;Unbranded Cotton Table Generic B2B;olive;facilitate Persevering;Fantastic;zero defect Ridges Beauty;groupware;Credit Card Account clear-thinking Frozen;parsing;models New Mexico District;Accountability;Aruba Chair portals;online Strategist Shirt;navigate redefine;generating bypassing Bypass;Plastic Movies;2019-12-30;New Taiwan Dollar Zimbabwe parse;Monaco input Accounts
6;enhance Multi-channelled purple;Response;white SMTP;Checking Account global Steel;Borders Springs connecting;SAS;Planner Refined;engage Granite Grocery;bluetooth payment digital;2019-12-29;Checking Account;seamless New York mesh;Unbranded array;Berkshire solid state;middleware Switzerland;Data Granite Configuration;compress Practical Steel Chips;Berkshire concept;Illinois robust;Granite Rubber;enable;2019-12-29;2019-12-29;Chicken;e-business RSS;Rand Soap;Automated;Pants even-keeled Chair;Brazil;Island cyan;Granite open architecture;Ergonomic Soft Shoes;Bulgarian Lev Cambridgeshire;Regional;Home;primary quantify Chips;Guyana;Bedfordshire Auto Loan Account back-end;monitor Small Wooden Ball;feed;connecting generate Music;2019-12-29;back-end enhance;optimal
7;Chair Kentucky;blue internet solution Concrete;distributed Ranch impactful;Berkshire Awesome;pixel Pennsylvania;architectures Cotton;viral;payment Illinois dot-com;methodology Integration Music;2019-12-30;24/7;Pizza blue;digital;Internal;Sleek Steel Shirt;Strategist Fresh incubate;Human Jewelery Engineer;Fish Tanzanian Shilling;hard drive Mexico Gardens;override silver orchestration;tan program;2019-12-29;2019-12-30;Auto Loan Account asymmetric Montana;Applications;Montenegro;frictionless;Rubber Awesome Frozen Mouse;Trinidad and Tobago Dollar;Customer-focused;Shoes Rubber Mall;users scalable;transmitting parse infrastructures;matrix Implementation Shirt;Mobility;Arizona synthesizing Fresh;override back-end hacking;open-source;payment National;HDD;Tanzanian Shilling Lights;2019-12-29;Central Money Market Account;index Borders
8;customized;synthesize Bahrain;Pre-emptive Bouvet Island (Bouvetoya) experiences;Credit Card Account;Belize Dollar Bacon;Investment Account Rwanda Customer;Liaison copy program;hack Electronics Oklahoma;Cambridgeshire navigate Licensed;2019-12-29;generate;Rubber syndicate;Cameroon Bedfordshire models;driver payment Mexican Peso Mexican Unidad de Inversion (UDI);port Money Market Account;Chips National Idaho;vortals value-added;Salad Connecticut;Generic Advanced;HDD Security Virginia;solid state Clothing deposit;2019-12-29;2019-12-29;Checking Account markets;Unbranded programming District;Concrete;Pizza yellow programming;FTP;Persistent Investment Account;Handmade Plastic Mouse neural;Money Market Account;synergize;JSON National;interactive capacitor;Idaho Grocery;Concrete Towels Avon;Automotive frame;Indiana deposit Electronics;Bedfordshire Strategist;Towels applications;Zimbabwe;2019-12-30;matrices application;index indigo
9;sticky Expressway Checking Account;Street New Jersey;reciprocal;Mountain Malaysia supply-chains;Borders hack;Pants;Tasty navigate didactic;payment schemas Industrial;calculating;2019-12-29;web-readiness Cyprus;Distributed;Avon Checking Account impactful;Salad payment;bandwidth;Visionary pixel SAS;Markets Branding Concrete;eco-centric Senior;deposit;fuchsia Music Salad;withdrawal circuit;2019-12-29;2019-12-29;frictionless solution-oriented;distributed Computers;Money Market Account users Guinea;SQL lavender;transmit Wooden COM;Agent Squares;supply-chains;Bedfordshire;Peru withdrawal Down-sized;invoice;Liaison Tonga;Lari;Sports Global Soft;Bedfordshire Awesome Cotton Tuna;calculating yellow;Wooden;Future;pixel Phased payment;2019-12-29;Virginia;niches drive Ireland
10;strategic;microchip Ergonomic Auto Loan Account;Fantastic Fresh Ball;ubiquitous monitor;Home Loan Account;Keys invoice Research;Bedfordshire 4th generation Equatorial Guinea;Auto Loan Account;indexing;2019-12-29;Pants Auto Loan Account;Incredible Incredible;supply-chains feed Investment Account;Centralized bypassing;Clothing Engineer Toys;granular;solid state;Soft Quality Mount;Awesome;USB alarm 1080p;feed invoice;2019-12-29;2019-12-30;Borders magenta Associate;Argentine Peso Handcrafted Rubber Sausages Officer;Mississippi Product;Metal;complexity Direct Administrator;online program Refined Granite Gloves;quantifying Baby;one-to-one Connecticut;Unbranded Tugrik;models streamline;projection Maldives;withdrawal alarm Timor-Leste;Personal Loan Account Inverse;Track;Books CSS Holy See (Vatican City State);Data Tasty Steel Pants Licensed Steel Shirt;Manor;Utah zero defect;2019-12-29;Practical killer Russian Federation;Adaptive Practical B2C
